[{
	"id":"1",
	"x":"35",
	"y":"40",
	"width":"200",
	"height":"150",
	"color":"green"
},{
	"id":"2",
	"x":"300",
	"y":"100",
	"width":"150",
	"height":"200",
	"color":"blue"
},{
	"id":"3",
	"x":"730",
	"y":"490",
	"width":"230",
	"height":"180",
	"color":"black"
},{
	"id":"4",
	"x":"150",
	"y":"450",
	"width":"250",
	"height":"170",
	"color":"green"
},{
	"id":"5",
	"x":"410",
	"y":"780",
	"width":"180",
	"height":"230",
	"color":"yellow"
},{
	"id":"6",
	"x":"670",
	"y":"250",
	"width":"230",
	"height":"130",
	"color":"red"
},{
	"id":"7",
	"x":"230",
	"y":"220",
	"width":"210",
	"height":"170",
	"color":"blue"
}]